Image,Section EN,Section SV,Title EN,Title SV,Rotation
2296,Nature & animals,Natur och djur,Rainbow and flowers,Regnbåge och blommor,90
2297,Nature & animals,Natur och djur,Underwater counting scene,Räknemotiv under vatten,90
2298,Characters & imagination,Figurer och fantasi,Ice cream friends,Glasskompisar,0
2299,Characters & imagination,Figurer och fantasi,A girl among trees,En flicka bland träd,90
2300,Places & landscapes,Platser och landskap,Two seaside views,Två havsvyer,180
2301,Characters & imagination,Figurer och fantasi,Mermaid sketch in colour,Sjöjungfruskiss i färg,90
2302,Characters & imagination,Figurer och fantasi,Rainbow ice cream,Regnbågsglass,90
2303,Characters & imagination,Figurer och fantasi,Characters in a blue frame,Figurer i en blå ram,180
2304,Places & landscapes,Platser och landskap,Pink castle,Rosa slott,180
2305,Nature & animals,Natur och djur,Sunflower,Solros,0
2306,Characters & imagination,Figurer och fantasi,Spotted outfit,Prickig klädsel,90
2307,Characters & imagination,Figurer och fantasi,Princess and a winged friend,Prinsessa och en bevingad vän,270
2308,Characters & imagination,Figurer och fantasi,Rainbow dress,Regnbågsklänning,270
2309,Nature & animals,Natur och djur,Tall grass and a flower,Högt gräs och en blomma,270
2310,Characters & imagination,Figurer och fantasi,Unicorn doughnut,Enhörningsmunk,270
2311,Places & landscapes,Platser och landskap,House by the water,Hus vid vattnet,0
2312,Nature & animals,Natur och djur,Flowers in a patterned vase,Blommor i en mönstrad vas,0
2313,Places & landscapes,Platser och landskap,Swimming pool,Simbassäng,0
2314,"Love, family & little moments","Kärlek, familj och små stunder",A message for Mum,En hälsning till mamma,0
2315,Sketches & doodles,Skisser och klotter,Amsterdam bicycle,Amsterdamcykel,90
2316,Places & landscapes,Platser och landskap,Colourful street,Färgglad gata,90
2317,Characters & imagination,Figurer och fantasi,Pink-haired character,Figur med rosa hår,90
2318,Nature & animals,Natur och djur,Colourful flowers,Färgglada blommor,0
2319,Places & landscapes,Platser och landskap,Streetlights at sunset,Gatlyktor i solnedgång,90
2320,Characters & imagination,Figurer och fantasi,Watermelon cat,Vattenmelonkatten,90
2321,Sketches & doodles,Skisser och klotter,Fairground pencil scene,Tivolimotiv i blyerts,180
2322,Nature & animals,Natur och djur,Flowers and a yellow vase,Blommor och en gul vas,90
2323,Characters & imagination,Figurer och fantasi,Portrait in colour,Porträtt i färg,90
2324,Places & landscapes,Platser och landskap,Space scene,Rymdmotiv,180
2325,Characters & imagination,Figurer och fantasi,Character in a colourful dress,Figur i en färgglad klänning,90
2326,Sketches & doodles,Skisser och klotter,Girl in a heart-patterned dress,Flicka i en hjärtmönstrad klänning,90
2327,Characters & imagination,Figurer och fantasi,Strawberry character,Jordgubbsfigur,270
2328,Nature & animals,Natur och djur,Rainbow garden,Regnbågsträdgård,0
2329,Places & landscapes,Platser och landskap,Sailing boat,Segelbåt,0
2330,Patterns & colourful designs,Mönster och färgglad design,Colourful butterfly design,Färgglad fjärilsdesign,270
2331,"Love, family & little moments","Kärlek, familj och små stunder",Sunshine for Mum,Solsken till mamma,0
2332,Places & landscapes,Platser och landskap,Four colourful scenes,Fyra färgglada motiv,180
2333,Nature & animals,Natur och djur,Tree against a colourful sky,Träd mot en färgglad himmel,90
2334,Characters & imagination,Figurer och fantasi,Three characters,Tre figurer,180
2335,Places & landscapes,Platser och landskap,Four landscape panels,Fyra landskapsrutor,90
2336,"Love, family & little moments","Kärlek, familj och små stunder",Love and hearts,Kärlek och hjärtan,0
2337,Places & landscapes,Platser och landskap,Sunshine and a boat,Solsken och en båt,180
2338,Culture & traditions,Kultur och traditioner,Colourful decorative scene,Färgglatt dekorativt motiv,180
2339,Characters & imagination,Figurer och fantasi,Curly-haired portrait,Porträtt med lockigt hår,180
2340,Characters & imagination,Figurer och fantasi,Mermaid and ice cream,Sjöjungfru och glass,0
2341,Patterns & colourful designs,Mönster och färgglad design,Heart-patterned rocket,Hjärtmönstrad raket,90
2342,Characters & imagination,Figurer och fantasi,Crowned character and flowers,Krönt figur och blommor,90
2343,Characters & imagination,Figurer och fantasi,Mermaid with colourful scales,Sjöjungfru med färgglada fjäll,180
2344,Patterns & colourful designs,Mönster och färgglad design,"Hearts, stars and rainbow stripes","Hjärtan, stjärnor och regnbågsränder",180
2345,Places & landscapes,Platser och landskap,Hot-air balloon,Luftballong,90
2346,Characters & imagination,Figurer och fantasi,Colourful character frame,Färgglad figurram,90
2347,Places & landscapes,Platser och landskap,Castle with a red roof,Slott med rött tak,0
2348,"Love, family & little moments","Kärlek, familj och små stunder",Fruit basket for Mum,Fruktkorg till mamma,0
2349,Culture & traditions,Kultur och traditioner,Raksha Bandhan page,Raksha Bandhan-sida,0
2350,Characters & imagination,Figurer och fantasi,Three character portraits,Tre figurporträtt,0
2351,Culture & traditions,Kultur och traditioner,Diwali drawings,Diwaliteckningar,270
2352,Patterns & colourful designs,Mönster och färgglad design,Sunset silhouettes in shapes,Solnedgångssilhuetter i former,0
2353,Places & landscapes,Platser och landskap,Car in the city,Bil i staden,0
2354,Characters & imagination,Figurer och fantasi,Rumi character drawing,Teckning av figuren Rumi,270
2355,Sketches & doodles,Skisser och klotter,Pencil portrait,Blyertsporträtt,270
2356,"Love, family & little moments","Kärlek, familj och små stunder",Mother’s Day pencil card,Mors dags-kort i blyerts,0
2357,Sketches & doodles,Skisser och klotter,Character holding a flower,Figur som håller en blomma,270
2358,Sketches & doodles,Skisser och klotter,Small character studies,Små figurstudier,270
2359,Sketches & doodles,Skisser och klotter,Long-haired character,Långhårig figur,270
2360,Sketches & doodles,Skisser och klotter,Dog Man and character sketches,Dog Man och figurskisser,0
2361,Sketches & doodles,Skisser och klotter,Pencil doodle collection,Samling av blyertsklotter,90
2362,Places & landscapes,Platser och landskap,Path towards the mountains,Stig mot bergen,0
2363,Nature & animals,Natur och djur,Butterfly on a flower,Fjäril på en blomma,0
2364,Characters & imagination,Figurer och fantasi,Dancer silhouette,Dansarsilhuett,0
2365,Places & landscapes,Platser och landskap,Pink car in the city,Rosa bil i staden,90
2366,"Love, family & little moments","Kärlek, familj och små stunder",Hands making a heart,Händer som formar ett hjärta,0
2367,"Love, family & little moments","Kärlek, familj och små stunder",Two people under a rainbow,Två personer under en regnbåge,0
2368,Characters & imagination,Figurer och fantasi,Three figures in colourful dresses,Tre figurer i färgglada klänningar,90
2369,Nature & animals,Natur och djur,Flamingo,Flamingo,0
2370,Characters & imagination,Figurer och fantasi,Girl in rainbow colours,Flicka i regnbågsfärger,0
2371,Nature & animals,Natur och djur,Colourful owl,Färgglad uggla,0
2372,Characters & imagination,Figurer och fantasi,Doodle friends,Klotterkompisar,0
2373,Nature & animals,Natur och djur,Ladybird on a blue flower,Nyckelpiga på en blå blomma,0
2374,Places & landscapes,Platser och landskap,Moonlit swing,Gunga i månsken,0
2375,Places & landscapes,Platser och landskap,Houses beside the water,Hus vid vattnet,90
2376,Places & landscapes,Platser och landskap,Colourful windmill,Färgglad väderkvarn,0
2377,Patterns & colourful designs,Mönster och färgglad design,Ice cream and colourful shapes,Glass och färgglada former,0
2378,Places & landscapes,Platser och landskap,Red aircraft,Rött flygplan,90
2379,Places & landscapes,Platser och landskap,Orange sail on the water,Orange segel på vattnet,0
2380,Characters & imagination,Figurer och fantasi,Girl on a city street,Flicka på en stadsgata,0
2381,Places & landscapes,Platser och landskap,Garden and pond,Trädgård och damm,0
2382,Patterns & colourful designs,Mönster och färgglad design,Black-and-white curved pattern,Svartvitt böjt mönster,0
2383,Places & landscapes,Platser och landskap,Beach and sandcastle,Strand och sandslott,0
2384,Nature & animals,Natur och djur,Frog and butterflies,Groda och fjärilar,0
2385,Places & landscapes,Platser och landskap,House with a colourful path,Hus med en färgglad stig,0
2386,Nature & animals,Natur och djur,Smiling tiger,Leende tiger,0
2387,Characters & imagination,Figurer och fantasi,Three colourful figures,Tre färgglada figurer,90
2388,Places & landscapes,Platser och landskap,Road towards the moon,Väg mot månen,270
2389,Characters & imagination,Figurer och fantasi,Cats among leaves,Katter bland blad,180
2390,Places & landscapes,Platser och landskap,Sunset and a palm tree,Solnedgång och en palm,90
2391,Patterns & colourful designs,Mönster och färgglad design,Playful umbrella designs,Lekfulla paraplymotiv,180
2392,Places & landscapes,Platser och landskap,River through the mountains,Flod genom bergen,0
2393,Places & landscapes,Platser och landskap,Trees against a warm sky,Träd mot en varm himmel,180
2394,Nature & animals,Natur och djur,Pink fish,Rosa fisk,0
2395,Places & landscapes,Platser och landskap,Night scene with a jar,Nattmotiv med en burk,90
2396,Patterns & colourful designs,Mönster och färgglad design,Decorative lamp and rays,Dekorativ lampa och strålar,180
2397,Nature & animals,Natur och djur,Whale underwater,Val under vatten,90
2398,Nature & animals,Natur och djur,Crab at sunset,Krabba i solnedgång,90
2399,Sketches & doodles,Skisser och klotter,Girl in pencil,Flicka i blyerts,0
2400,Sketches & doodles,Skisser och klotter,Animal friends in pencil,Djurkompisar i blyerts,0
2401,Sketches & doodles,Skisser och klotter,Mushroom-house sketch,Skiss av ett svamphus,0
2402,Culture & traditions,Kultur och traditioner,Jain culture and religion,Jainistisk kultur och religion,90
